{
  "model_name": "Random Forest",
  "accuracy": 0.9728,
  "roc_auc": 0.8859,
  "avg_precision": 0.5487,
  "f1": 0.5386,
  "f1_default": 0.5279,
  "precision": 0.6622,
  "recall": 0.4539,
  "opt_threshold": 0.4473,
  "cv_mean": 0.9665,
  "cv_std": 0.0009,
  "tp": 1876,
  "fp": 957,
  "fn": 2257,
  "tn": 113018,
  "cost": 23527,
  "cost_fn": 10,
  "cost_fp": 1,
  "smote_used": true,
  "shap_available": false,
  "n_train": 592672,
  "n_test": 118108,
  "n_features": 62,
  "feature_importances": {
    "TransactionAmt": 0.009341,
    "amt_log": 0.008566,
    "amt_cents": 0.018042,
    "is_round_amt": 0.003792,
    "hour": 0.002604,
    "day_of_week": 0.003203,
    "is_night": 0.001734,
    "is_weekend": 0.003346,
    "P_email_risk": 0.001388,
    "email_match": 0.000854,
    "card_type_enc": 0.00321,
    "card_bank_enc": 0.051641,
    "product_enc": 0.006203,
    "addr_match": 0.0,
    "C1": 0.025652,
    "C10": 0.013452,
    "C11": 0.031946,
    "C12": 0.035239,
    "C13": 0.064281,
    "C14": 0.082498,
    "C2": 0.024007,
    "C3": 6.5e-05,
    "C4": 0.020998,
    "C5": 0.024987,
    "C6": 0.02875,
    "C7": 0.012835,
    "C8": 0.015737,
    "C9": 0.01502,
    "D1": 0.018928,
    "D10": 0.010372,
    "D11": 0.004795,
    "D12": 0.00245,
    "D13": 0.002022,
    "M1_enc": 0.000285,
    "M2_enc": 0.0027,
    "M3_enc": 0.003054,
    "M4_enc": 0.020278,
    "M5_enc": 0.010612,
    "M6_enc": 0.012247,
    "M7_enc": 0.001271,
    "M8_enc": 0.001235,
    "M9_enc": 0.001574,
    "V257": 0.054878,
    "V246": 0.037771,
    "V244": 0.023065,
    "V242": 0.02056,
    "V201": 0.047054,
    "V200": 0.029313,
    "V189": 0.0179,
    "V188": 0.011952,
    "V258": 0.055294,
    "V45": 0.011425,
    "V158": 0.004295,
    "V156": 0.004129,
    "V149": 0.004028,
    "V228": 0.016373,
    "V44": 0.006705,
    "V86": 0.011216,
    "V87": 0.013019,
    "V170": 0.018382,
    "V147": 0.00253,
    "V52": 0.008898
  },
  "comparison_table": [
    {
      "model": "Logistic Regression (Baseline)",
      "auc": 0.7684,
      "ap": 0.1782,
      "f1": 0.2335,
      "precision": 0.1897,
      "recall": 0.3037,
      "accuracy": 0.9303,
      "cv_mean": 0.86,
      "cv_std": 0.001,
      "cost": 34140,
      "threshold": 0.5101,
      "is_winner": false
    },
    {
      "model": "Random Forest",
      "auc": 0.8859,
      "ap": 0.5487,
      "f1": 0.5386,
      "precision": 0.6622,
      "recall": 0.4539,
      "accuracy": 0.9728,
      "cv_mean": 0.9665,
      "cv_std": 0.0009,
      "cost": 23527,
      "threshold": 0.4473,
      "is_winner": true
    },
    {
      "model": "Gradient Boosting",
      "auc": 0.8799,
      "ap": 0.5101,
      "f1": 0.5091,
      "precision": 0.5763,
      "recall": 0.4558,
      "accuracy": 0.9692,
      "cv_mean": 0.971,
      "cv_std": 0.0008,
      "cost": 23875,
      "threshold": 0.4416,
      "is_winner": false
    },
    {
      "model": "Isolation Forest",
      "auc": 0.7152,
      "ap": 0.1135,
      "f1": 0.1795,
      "precision": 0.1775,
      "recall": 0.1815,
      "accuracy": 0.9419,
      "cv_mean": 0.0,
      "cv_std": 0.0,
      "cost": 0,
      "threshold": 0.5,
      "is_winner": false
    }
  ]
}